mysql> SELECT * FROM tekija;
+----------+--------------+---------------+
| tekijaID | nimi         | tekija_tunnus |
+----------+--------------+---------------+
|        1 | kirjailija 1 |          1234 |
|        2 | author 2     |          3333 |
|        3 | kustantaja 1 |          8938 |
|        4 | kirjailija 2 |          4444 |
+----------+--------------+---------------+
4 rows in set (0.00 sec)

mysql> SELECT * FROM tekija_teos;
+----------+--------+
| tekijaID | teosID |
+----------+--------+
|        1 |      1 |
|        3 |      1 |
|        2 |      2 |
|        2 |      3 |
+----------+--------+
4 rows in set (0.00 sec)

mysql> SELECT * FROM teos;
+--------+--------+----------------+------------+
| teosID | nimi   | julkaisu_paiva | ISBN       |
+--------+--------+----------------+------------+
|      1 | teos 1 | 1993-12-03     | 1234567890 |
|      2 | teos 2 | 2010-06-22     | 1236547382 |
|      3 | teos 3 | 2005-11-02     | 1234756385 |
+--------+--------+----------------+------------+
3 rows in set (0.00 sec)

mysql> SELECT * FROM kirja;
+---------+--------------+--------+
| kirjaID | hylly_paikka | teosID |
+---------+--------------+--------+
|       1 | c23          |      1 |
|       2 | c23          |      1 |
|       3 | g14          |      2 |
|       4 | g14          |      2 |
|       5 | h16          |      3 |
|       6 | h16          |      3 |
+---------+--------------+--------+
6 rows in set (0.00 sec)

mysql> SELECT * FROM lainaus;
+-----------+-----------+---------+---------------+----------------+------------+
| lainausID | asiakasID | kirjaID | lainaus_paiva | palautus_paiva | palautettu |
+-----------+-----------+---------+---------------+----------------+------------+
|         1 |         1 |       1 | 2023-02-15    | 2023-03-15     |          0 |
+-----------+-----------+---------+---------------+----------------+------------+
1 row in set (0.00 sec)

mysql> SELECT * FROM asiakas;
+-----------+---------+----------+---------------+
| asiakasID | etunimi | sukunimi | asiakasnumero |
+-----------+---------+----------+---------------+
|         1 | Aku     | Ankka    |         12345 |
|         2 | Rooppe  | Ankka    |         23451 |
|         3 | Mikki   | Hiiri    |         34512 |
+-----------+---------+----------+---------------+
3 rows in set (0.00 sec)
